{
  "Items": [
    {
      "Query": "set",
      "ExecutedDateTime": "2025-10-29T03:56:46.9662275+05:30"
    },
    {
      "Query": "sett",
      "ExecutedDateTime": "2025-10-29T04:09:16.047458+05:30"
    },
    {
      "Query": "espans",
      "ExecutedDateTime": "2025-10-29T04:13:52.4358105+05:30"
    },
    {
      "Query": "esp",
      "ExecutedDateTime": "2025-10-29T04:14:43.6075694+05:30"
    },
    {
      "Query": "sett",
      "ExecutedDateTime": "2025-10-29T04:37:24.8692993+05:30"
    },
    {
      "Query": "loca",
      "ExecutedDateTime": "2025-10-29T04:42:29.4421055+05:30"
    },
    {
      "Query": "es",
      "ExecutedDateTime": "2025-10-29T04:47:31.4623055+05:30"
    },
    {
      "Query": "comm",
      "ExecutedDateTime": "2025-10-29T04:47:57.1849013+05:30"
    },
    {
      "Query": "bra",
      "ExecutedDateTime": "2025-10-29T06:42:08.4218896+05:30"
    },
    {
      "Query": "empy",
      "ExecutedDateTime": "2025-10-29T09:06:11.8070289+05:30"
    },
    {
      "Query": "se",
      "ExecutedDateTime": "2025-10-29T09:06:14.9286806+05:30"
    },
    {
      "Query": "fmd",
      "ExecutedDateTime": "2025-10-29T18:35:38.4727083+05:30"
    },
    {
      "Query": "fdm",
      "ExecutedDateTime": "2025-10-29T18:35:43.1231501+05:30"
    },
    {
      "Query": "recy",
      "ExecutedDateTime": "2025-10-29T18:35:56.06257+05:30"
    },
    {
      "Query": "br",
      "ExecutedDateTime": "2025-10-29T18:41:47.6276877+05:30"
    },
    {
      "Query": "settkjdfdf",
      "ExecutedDateTime": "2025-10-29T18:42:07.2024663+05:30"
    },
    {
      "Query": "sett",
      "ExecutedDateTime": "2025-10-29T18:42:23.9655359+05:30"
    },
    {
      "Query": "hi",
      "ExecutedDateTime": "2025-10-29T18:43:35.1684715+05:30"
    },
    {
      "Query": "progr",
      "ExecutedDateTime": "2025-10-29T19:15:47.4924837+05:30"
    },
    {
      "Query": "bra",
      "ExecutedDateTime": "2025-10-30T05:09:39.7963082+05:30"
    },
    {
      "Query": "190/39",
      "ExecutedDateTime": "2025-10-30T08:52:47.9519094+05:30"
    },
    {
      "Query": "91-38",
      "ExecutedDateTime": "2025-10-30T20:49:18.7136226+05:30"
    },
    {
      "Query": "sett",
      "ExecutedDateTime": "2025-10-30T22:05:57.1360038+05:30"
    },
    {
      "Query": "SET",
      "ExecutedDateTime": "2025-11-01T18:07:23.9485143+05:30"
    },
    {
      "Query": "sett",
      "ExecutedDateTime": "2025-11-01T18:07:30.0885313+05:30"
    },
    {
      "Query": "mi",
      "ExecutedDateTime": "2025-11-01T18:26:26.5849982+05:30"
    },
    {
      "Query": "vs",
      "ExecutedDateTime": "2025-11-01T18:48:01.7701453+05:30"
    },
    {
      "Query": "command",
      "ExecutedDateTime": "2025-11-01T19:46:20.7494856+05:30"
    },
    {
      "Query": "obsi",
      "ExecutedDateTime": "2025-11-01T20:34:47.3140188+05:30"
    },
    {
      "Query": "what",
      "ExecutedDateTime": "2025-11-01T23:45:16.9590614+05:30"
    },
    {
      "Query": "fdm",
      "ExecutedDateTime": "2025-11-02T01:29:19.6018468+05:30"
    },
    {
      "Query": "set",
      "ExecutedDateTime": "2025-11-02T01:33:45.5797202+05:30"
    },
    {
      "Query": "b",
      "ExecutedDateTime": "2025-11-02T01:35:22.7741499+05:30"
    },
    {
      "Query": "se",
      "ExecutedDateTime": "2025-11-02T01:35:33.2402367+05:30"
    },
    {
      "Query": "Flow launcher",
      "ExecutedDateTime": "2025-11-02T01:39:09.6519404+05:30"
    },
    {
      "Query": "C:\\Users\\mapar\\AppData\\Local\\FlowLauncher\\app-2.0.2\\Plugins\\Flow.Launcher.Plugin.PluginsManager\\",
      "ExecutedDateTime": "2025-11-02T01:39:12.7212576+05:30"
    },
    {
      "Query": "set",
      "ExecutedDateTime": "2025-11-02T01:40:33.6161625+05:30"
    },
    {
      "Query": "rel",
      "ExecutedDateTime": "2025-11-02T01:42:36.6360423+05:30"
    },
    {
      "Query": "se",
      "ExecutedDateTime": "2025-11-02T01:43:05.5403853+05:30"
    },
    {
      "Query": "ed",
      "ExecutedDateTime": "2025-11-02T01:43:22.1374284+05:30"
    },
    {
      "Query": "edge",
      "ExecutedDateTime": "2025-11-02T01:43:28.1920462+05:30"
    },
    {
      "Query": "set",
      "ExecutedDateTime": "2025-11-02T01:43:48.416307+05:30"
    },
    {
      "Query": "di",
      "ExecutedDateTime": "2025-11-02T01:50:15.8804714+05:30"
    },
    {
      "Query": "d",
      "ExecutedDateTime": "2025-11-02T01:50:20.9529578+05:30"
    },
    {
      "Query": "brane.exe",
      "ExecutedDateTime": "2025-11-02T01:59:57.0305084+05:30"
    },
    {
      "Query": "brain",
      "ExecutedDateTime": "2025-11-02T02:00:04.4028745+05:30"
    },
    {
      "Query": "C:\\Old Computer\\Brain.exe\\",
      "ExecutedDateTime": "2025-11-02T02:00:05.8327505+05:30"
    },
    {
      "Query": "com",
      "ExecutedDateTime": "2025-11-02T02:01:04.2173502+05:30"
    },
    {
      "Query": "set",
      "ExecutedDateTime": "2025-11-02T11:38:28.6122078+05:30"
    },
    {
      "Query": "sett",
      "ExecutedDateTime": "2025-11-02T11:48:42.5773064+05:30"
    },
    {
      "Query": "s",
      "ExecutedDateTime": "2025-11-02T11:48:45.5385191+05:30"
    },
    {
      "Query": "logi",
      "ExecutedDateTime": "2025-11-02T12:22:12.4102545+05:30"
    },
    {
      "Query": "obsi",
      "ExecutedDateTime": "2025-11-02T14:41:44.9224023+05:30"
    },
    {
      "Query": "em",
      "ExecutedDateTime": "2025-11-02T15:11:16.1243484+05:30"
    },
    {
      "Query": "emp",
      "ExecutedDateTime": "2025-11-02T15:16:35.8676511+05:30"
    },
    {
      "Query": "onedrive",
      "ExecutedDateTime": "2025-11-02T15:42:33.1693239+05:30"
    },
    {
      "Query": "bash",
      "ExecutedDateTime": "2025-11-02T22:45:38.1575614+05:30"
    },
    {
      "Query": "comm",
      "ExecutedDateTime": "2025-11-02T22:51:20.6874673+05:30"
    },
    {
      "Query": "task",
      "ExecutedDateTime": "2025-11-03T00:17:22.8732211+05:30"
    },
    {
      "Query": "hi",
      "ExecutedDateTime": "2025-11-03T08:06:15.5508289+05:30"
    },
    {
      "Query": "ma 0",
      "ExecutedDateTime": "2025-11-03T08:51:55.9125112+05:30"
    },
    {
      "Query": "ma 1",
      "ExecutedDateTime": "2025-11-03T08:51:57.5725434+05:30"
    },
    {
      "Query": "sett",
      "ExecutedDateTime": "2025-11-03T09:03:35.2155411+05:30"
    },
    {
      "Query": "warp",
      "ExecutedDateTime": "2025-11-03T09:04:56.8502019+05:30"
    },
    {
      "Query": "b kee",
      "ExecutedDateTime": "2025-11-03T13:35:45.6412176+05:30"
    },
    {
      "Query": "obsi",
      "ExecutedDateTime": "2025-11-04T09:17:02.9030842+05:30"
    },
    {
      "Query": "sett",
      "ExecutedDateTime": "2025-11-04T20:21:28.8841023+05:30"
    },
    {
      "Query": "h",
      "ExecutedDateTime": "2025-11-05T14:25:18.1070842+05:30"
    },
    {
      "Query": "hy",
      "ExecutedDateTime": "2025-11-06T08:55:39.0879559+05:30"
    },
    {
      "Query": "hb",
      "ExecutedDateTime": "2025-11-07T00:36:44.5365588+05:30"
    },
    {
      "Query": "h",
      "ExecutedDateTime": "2025-11-07T10:19:24.1720226+05:30"
    },
    {
      "Query": "b",
      "ExecutedDateTime": "2025-11-07T15:18:16.159557+05:30"
    },
    {
      "Query": "old compu",
      "ExecutedDateTime": "2025-11-07T17:30:45.965554+05:30"
    },
    {
      "Query": "b subl",
      "ExecutedDateTime": "2025-11-07T17:31:53.1370312+05:30"
    },
    {
      "Query": "sub",
      "ExecutedDateTime": "2025-11-07T18:08:38.1525893+05:30"
    },
    {
      "Query": "/ sett",
      "ExecutedDateTime": "2025-11-07T18:09:19.3164665+05:30"
    },
    {
      "Query": "C:\\Users\\mapar\\AppData\\Roaming\\Sublime Text\\Packages\\User",
      "ExecutedDateTime": "2025-11-07T18:09:46.5483598+05:30"
    },
    {
      "Query": "sub",
      "ExecutedDateTime": "2025-11-07T18:10:26.8121062+05:30"
    },
    {
      "Query": "su",
      "ExecutedDateTime": "2025-11-07T18:11:00.1110809+05:30"
    },
    {
      "Query": "base.yml",
      "ExecutedDateTime": "2025-11-07T18:12:31.8008772+05:30"
    },
    {
      "Query": ".txt",
      "ExecutedDateTime": "2025-11-07T18:13:21.7315122+05:30"
    },
    {
      "Query": "sub",
      "ExecutedDateTime": "2025-11-07T18:16:43.5076067+05:30"
    },
    {
      "Query": "h",
      "ExecutedDateTime": "2025-11-07T21:54:07.2033204+05:30"
    },
    {
      "Query": "sub",
      "ExecutedDateTime": "2025-11-07T22:06:38.7624692+05:30"
    },
    {
      "Query": "ditt",
      "ExecutedDateTime": "2025-11-07T22:14:14.8314182+05:30"
    },
    {
      "Query": "C:\\Users\\mapar\\AppData\\Roaming\\Ditto\\Ditto.db",
      "ExecutedDateTime": "2025-11-08T04:50:47.1541979+05:30"
    },
    {
      "Query": "h",
      "ExecutedDateTime": "2025-11-08T06:10:12.9644797+05:30"
    },
    {
      "Query": "sett",
      "ExecutedDateTime": "2025-11-08T06:14:21.4080115+05:30"
    },
    {
      "Query": "lenvo",
      "ExecutedDateTime": "2025-11-08T23:40:25.4504531+05:30"
    },
    {
      "Query": "len",
      "ExecutedDateTime": "2025-11-08T23:40:35.9549181+05:30"
    },
    {
      "Query": "ma 1",
      "ExecutedDateTime": "2025-11-09T00:41:39.6179972+05:30"
    },
    {
      "Query": "ma 2",
      "ExecutedDateTime": "2025-11-09T09:59:03.1614336+05:30"
    },
    {
      "Query": "c",
      "ExecutedDateTime": "2025-11-09T10:32:01.3599532+05:30"
    },
    {
      "Query": "edge",
      "ExecutedDateTime": "2025-11-09T10:32:27.3921294+05:30"
    },
    {
      "Query": "cmd",
      "ExecutedDateTime": "2025-11-09T11:14:58.0256836+05:30"
    },
    {
      "Query": "comm",
      "ExecutedDateTime": "2025-11-09T11:18:49.9598485+05:30"
    },
    {
      "Query": "chat",
      "ExecutedDateTime": "2025-11-09T12:05:32.774591+05:30"
    },
    {
      "Query": "cursor pro",
      "ExecutedDateTime": "2025-11-09T12:11:29.72102+05:30"
    },
    {
      "Query": "sett",
      "ExecutedDateTime": "2025-11-09T12:13:28.039561+05:30"
    },
    {
      "Query": "s add and",
      "ExecutedDateTime": "2025-11-09T12:13:36.5621447+05:30"
    },
    {
      "Query": "s",
      "ExecutedDateTime": "2025-11-09T12:14:21.2610025+05:30"
    },
    {
      "Query": "jay",
      "ExecutedDateTime": "2025-11-09T12:16:22.9979554+05:30"
    },
    {
      "Query": "eve",
      "ExecutedDateTime": "2025-11-09T12:17:11.1672933+05:30"
    },
    {
      "Query": "every",
      "ExecutedDateTime": "2025-11-09T12:17:18.9980799+05:30"
    },
    {
      "Query": "env",
      "ExecutedDateTime": "2025-11-09T12:18:44.9965117+05:30"
    },
    {
      "Query": "lenovo",
      "ExecutedDateTime": "2025-11-09T12:18:56.9651178+05:30"
    },
    {
      "Query": "task",
      "ExecutedDateTime": "2025-11-09T12:38:31.6791498+05:30"
    },
    {
      "Query": "sett",
      "ExecutedDateTime": "2025-11-09T12:38:40.6263518+05:30"
    },
    {
      "Query": "tas",
      "ExecutedDateTime": "2025-11-09T12:39:18.5615518+05:30"
    },
    {
      "Query": "set",
      "ExecutedDateTime": "2025-11-09T12:40:23.6536912+05:30"
    },
    {
      "Query": "how",
      "ExecutedDateTime": "2025-11-09T12:40:37.5444272+05:30"
    },
    {
      "Query": "add",
      "ExecutedDateTime": "2025-11-09T12:41:31.9912757+05:30"
    },
    {
      "Query": "lenov",
      "ExecutedDateTime": "2025-11-09T12:59:25.6882283+05:30"
    },
    {
      "Query": "white",
      "ExecutedDateTime": "2025-11-09T13:04:19.4252762+05:30"
    },
    {
      "Query": "whiteboard",
      "ExecutedDateTime": "2025-11-09T13:06:35.5456226+05:30"
    },
    {
      "Query": "stor",
      "ExecutedDateTime": "2025-11-09T13:06:55.2186584+05:30"
    },
    {
      "Query": "cursor pro",
      "ExecutedDateTime": "2025-11-09T13:09:16.4288677+05:30"
    },
    {
      "Query": "eve",
      "ExecutedDateTime": "2025-11-09T13:11:24.3920316+05:30"
    },
    {
      "Query": "powershe",
      "ExecutedDateTime": "2025-11-09T13:16:34.7592515+05:30"
    },
    {
      "Query": "C:\\Users\\mapar\\AppData\\Local\\Packages\\Microsoft.Whiteboard_8wekyb3d8bbwe",
      "ExecutedDateTime": "2025-11-09T13:17:36.6984444+05:30"
    },
    {
      "Query": "sett",
      "ExecutedDateTime": "2025-11-09T13:26:53.1367431+05:30"
    },
    {
      "Query": "s",
      "ExecutedDateTime": "2025-11-09T13:27:24.2545986+05:30"
    },
    {
      "Query": "ss",
      "ExecutedDateTime": "2025-11-09T13:27:39.8652403+05:30"
    },
    {
      "Query": "set",
      "ExecutedDateTime": "2025-11-09T13:27:43.7767791+05:30"
    },
    {
      "Query": "what",
      "ExecutedDateTime": "2025-11-09T13:28:05.146205+05:30"
    },
    {
      "Query": "flow",
      "ExecutedDateTime": "2025-11-09T13:31:57.1714762+05:30"
    },
    {
      "Query": "s",
      "ExecutedDateTime": "2025-11-09T13:34:29.0518974+05:30"
    },
    {
      "Query": "se",
      "ExecutedDateTime": "2025-11-09T13:34:43.4073336+05:30"
    },
    {
      "Query": "Vanta",
      "ExecutedDateTime": "2025-11-09T14:20:34.2262851+05:30"
    },
    {
      "Query": "command",
      "ExecutedDateTime": "2025-11-09T14:34:32.5001446+05:30"
    },
    {
      "Query": "C:\\Windows\\System32\\battery-report.html",
      "ExecutedDateTime": "2025-11-09T14:35:38.6197592+05:30"
    },
    {
      "Query": "se",
      "ExecutedDateTime": "2025-11-09T15:06:37.3104329+05:30"
    },
    {
      "Query": "how at od f",
      "ExecutedDateTime": "2025-11-09T15:06:53.9057153+05:30"
    },
    {
      "Query": "logi",
      "ExecutedDateTime": "2025-11-09T15:11:29.5525971+05:30"
    },
    {
      "Query": "chat",
      "ExecutedDateTime": "2025-11-09T18:18:31.0411188+05:30"
    },
    {
      "Query": "f.",
      "ExecutedDateTime": "2025-11-09T19:15:12.9043047+05:30"
    },
    {
      "Query": "what is mean by ai flow",
      "ExecutedDateTime": "2025-11-09T22:38:02.6373095+05:30"
    },
    {
      "Query": "comm",
      "ExecutedDateTime": "2025-11-10T22:07:11.8803025+05:30"
    },
    {
      "Query": "\u003E node --version",
      "ExecutedDateTime": "2025-11-10T22:07:29.3553054+05:30"
    },
    {
      "Query": "comm",
      "ExecutedDateTime": "2025-11-10T22:09:00.646698+05:30"
    },
    {
      "Query": "how to print env variable in command prompt",
      "ExecutedDateTime": "2025-11-10T22:09:29.387909+05:30"
    },
    {
      "Query": "comm",
      "ExecutedDateTime": "2025-11-10T22:10:57.6283882+05:30"
    },
    {
      "Query": "env",
      "ExecutedDateTime": "2025-11-10T22:16:03.7751446+05:30"
    },
    {
      "Query": "old compu",
      "ExecutedDateTime": "2025-11-10T22:34:44.1150948+05:30"
    },
    {
      "Query": "nilesoft shell is it open shource",
      "ExecutedDateTime": "2025-11-10T23:14:13.3001721+05:30"
    },
    {
      "Query": "termin",
      "ExecutedDateTime": "2025-11-10T23:26:27.8858687+05:30"
    },
    {
      "Query": "task",
      "ExecutedDateTime": "2025-11-10T23:26:31.2602456+05:30"
    },
    {
      "Query": "breeze",
      "ExecutedDateTime": "2025-11-10T23:39:08.5412385+05:30"
    },
    {
      "Query": "edge",
      "ExecutedDateTime": "2025-11-10T23:44:27.3863712+05:30"
    },
    {
      "Query": "shell.nss",
      "ExecutedDateTime": "2025-11-11T00:01:30.4279168+05:30"
    },
    {
      "Query": "comm",
      "ExecutedDateTime": "2025-11-11T00:07:38.7000172+05:30"
    },
    {
      "Query": "theme.nss",
      "ExecutedDateTime": "2025-11-11T00:16:17.6830323+05:30"
    },
    {
      "Query": "sto",
      "ExecutedDateTime": "2025-11-11T00:30:30.9768679+05:30"
    },
    {
      "Query": "tran",
      "ExecutedDateTime": "2025-11-11T00:33:14.4651693+05:30"
    },
    {
      "Query": "kill tans",
      "ExecutedDateTime": "2025-11-11T00:33:38.3120063+05:30"
    },
    {
      "Query": "powershe",
      "ExecutedDateTime": "2025-11-11T00:39:53.6892834+05:30"
    },
    {
      "Query": "theme.nss",
      "ExecutedDateTime": "2025-11-11T00:47:12.9226457+05:30"
    },
    {
      "Query": "disk",
      "ExecutedDateTime": "2025-11-11T00:48:49.157304+05:30"
    },
    {
      "Query": "comm",
      "ExecutedDateTime": "2025-11-11T00:50:19.9009979+05:30"
    },
    {
      "Query": "powersh",
      "ExecutedDateTime": "2025-11-11T00:54:33.1407024+05:30"
    },
    {
      "Query": "recall",
      "ExecutedDateTime": "2025-11-11T02:02:00.9560228+05:30"
    },
    {
      "Query": "power",
      "ExecutedDateTime": "2025-11-11T02:44:29.1416866+05:30"
    },
    {
      "Query": "flow",
      "ExecutedDateTime": "2025-11-11T02:57:12.9776154+05:30"
    },
    {
      "Query": "power",
      "ExecutedDateTime": "2025-11-11T02:59:16.4655484+05:30"
    },
    {
      "Query": "se",
      "ExecutedDateTime": "2025-11-11T03:36:07.7112866+05:30"
    },
    {
      "Query": "powersh",
      "ExecutedDateTime": "2025-11-11T03:45:22.3451583+05:30"
    },
    {
      "Query": "sett",
      "ExecutedDateTime": "2025-11-11T03:54:44.7066824+05:30"
    },
    {
      "Query": "/ set",
      "ExecutedDateTime": "2025-11-11T04:10:15.1675906+05:30"
    },
    {
      "Query": "vlcrc",
      "ExecutedDateTime": "2025-11-11T04:11:41.4051385+05:30"
    },
    {
      "Query": "env",
      "ExecutedDateTime": "2025-11-11T04:21:43.6746553+05:30"
    },
    {
      "Query": "/ set",
      "ExecutedDateTime": "2025-11-11T12:10:30.3826371+05:30"
    },
    {
      "Query": "/ sett",
      "ExecutedDateTime": "2025-11-11T13:17:37.4404649+05:30"
    },
    {
      "Query": "comm",
      "ExecutedDateTime": "2025-11-11T13:18:00.2293236+05:30"
    },
    {
      "Query": "/ set",
      "ExecutedDateTime": "2025-11-11T13:18:41.0866762+05:30"
    },
    {
      "Query": "comm",
      "ExecutedDateTime": "2025-11-11T13:20:43.7456096+05:30"
    },
    {
      "Query": "task",
      "ExecutedDateTime": "2025-11-11T13:22:22.0481271+05:30"
    },
    {
      "Query": "/ s",
      "ExecutedDateTime": "2025-11-11T13:23:19.4034592+05:30"
    },
    {
      "Query": "comm",
      "ExecutedDateTime": "2025-11-11T13:23:40.9705925+05:30"
    },
    {
      "Query": "/ se",
      "ExecutedDateTime": "2025-11-11T13:31:39.230075+05:30"
    },
    {
      "Query": "/ stt",
      "ExecutedDateTime": "2025-11-11T13:32:04.6565083+05:30"
    },
    {
      "Query": "/ sett",
      "ExecutedDateTime": "2025-11-11T13:33:20.5659361+05:30"
    },
    {
      "Query": "comm",
      "ExecutedDateTime": "2025-11-11T13:35:56.7618973+05:30"
    },
    {
      "Query": "/ s",
      "ExecutedDateTime": "2025-11-11T13:36:19.6154917+05:30"
    },
    {
      "Query": "/",
      "ExecutedDateTime": "2025-11-11T13:36:48.2824547+05:30"
    },
    {
      "Query": "comm",
      "ExecutedDateTime": "2025-11-11T13:38:29.0535657+05:30"
    },
    {
      "Query": "/ set",
      "ExecutedDateTime": "2025-11-11T13:38:35.8764597+05:30"
    },
    {
      "Query": "comm",
      "ExecutedDateTime": "2025-11-11T13:40:03.2908794+05:30"
    },
    {
      "Query": "/",
      "ExecutedDateTime": "2025-11-11T13:56:40.9766447+05:30"
    },
    {
      "Query": "comm",
      "ExecutedDateTime": "2025-11-11T14:01:40.5531095+05:30"
    },
    {
      "Query": "/",
      "ExecutedDateTime": "2025-11-11T14:25:15.2277431+05:30"
    },
    {
      "Query": "/ sett",
      "ExecutedDateTime": "2025-11-11T14:39:27.6926066+05:30"
    },
    {
      "Query": "comm",
      "ExecutedDateTime": "2025-11-11T14:43:35.9337684+05:30"
    },
    {
      "Query": "/",
      "ExecutedDateTime": "2025-11-11T15:02:26.1024486+05:30"
    },
    {
      "Query": "di",
      "ExecutedDateTime": "2025-11-11T15:04:38.5667568+05:30"
    },
    {
      "Query": "/ sett",
      "ExecutedDateTime": "2025-11-12T00:07:49.378319+05:30"
    },
    {
      "Query": "cursor pro",
      "ExecutedDateTime": "2025-11-12T00:42:37.4212321+05:30"
    },
    {
      "Query": "edge",
      "ExecutedDateTime": "2025-11-12T12:21:05.5440387+05:30"
    },
    {
      "Query": "traffic monitor",
      "ExecutedDateTime": "2025-11-12T13:27:17.1425538+05:30"
    },
    {
      "Query": "task",
      "ExecutedDateTime": "2025-11-12T13:27:56.9135299+05:30"
    },
    {
      "Query": "ma 2",
      "ExecutedDateTime": "2025-11-12T13:29:45.8076311+05:30"
    },
    {
      "Query": "edge",
      "ExecutedDateTime": "2025-11-12T16:22:11.5350271+05:30"
    },
    {
      "Query": "clove",
      "ExecutedDateTime": "2025-11-12T16:43:16.6934359+05:30"
    },
    {
      "Query": "sublime",
      "ExecutedDateTime": "2025-11-14T00:50:41.3048398+05:30"
    },
    {
      "Query": "on aws",
      "ExecutedDateTime": "2025-11-14T01:09:09.3664622+05:30"
    },
    {
      "Query": "on ec",
      "ExecutedDateTime": "2025-11-14T01:09:29.3045766+05:30"
    },
    {
      "Query": "set",
      "ExecutedDateTime": "2025-11-14T01:09:37.443239+05:30"
    },
    {
      "Query": "s",
      "ExecutedDateTime": "2025-11-14T01:09:44.0198765+05:30"
    },
    {
      "Query": "ob ec2",
      "ExecutedDateTime": "2025-11-14T01:12:01.4785261+05:30"
    },
    {
      "Query": "base.yml",
      "ExecutedDateTime": "2025-11-14T01:17:16.1283484+05:30"
    },
    {
      "Query": "logi",
      "ExecutedDateTime": "2025-11-14T01:29:58.9825398+05:30"
    },
    {
      "Query": "edge",
      "ExecutedDateTime": "2025-11-14T21:50:24.0227871+05:30"
    },
    {
      "Query": "2000*0.05",
      "ExecutedDateTime": "2025-11-14T22:32:49.0042329+05:30"
    },
    {
      "Query": "comm",
      "ExecutedDateTime": "2025-11-15T14:44:04.2258423+05:30"
    },
    {
      "Query": "azure",
      "ExecutedDateTime": "2025-11-15T15:12:19.658216+05:30"
    },
    {
      "Query": "termi",
      "ExecutedDateTime": "2025-11-15T15:13:51.9452234+05:30"
    },
    {
      "Query": "ma 4",
      "ExecutedDateTime": "2025-11-15T15:45:33.9544392+05:30"
    },
    {
      "Query": "b ke",
      "ExecutedDateTime": "2025-11-15T15:58:22.804173+05:30"
    },
    {
      "Query": "cursor",
      "ExecutedDateTime": "2025-11-15T16:50:48.28902+05:30"
    },
    {
      "Query": "task",
      "ExecutedDateTime": "2025-11-15T18:09:23.7539969+05:30"
    },
    {
      "Query": "se",
      "ExecutedDateTime": "2025-11-15T18:32:15.1256675+05:30"
    },
    {
      "Query": "expl",
      "ExecutedDateTime": "2025-11-15T19:09:53.6684449+05:30"
    },
    {
      "Query": "edge",
      "ExecutedDateTime": "2025-11-15T19:13:38.2889703+05:30"
    },
    {
      "Query": "ma 3",
      "ExecutedDateTime": "2025-11-15T20:30:15.8792161+05:30"
    },
    {
      "Query": "ma 4",
      "ExecutedDateTime": "2025-11-15T21:20:46.4045532+05:30"
    },
    {
      "Query": "cha",
      "ExecutedDateTime": "2025-11-15T23:14:35.0523147+05:30"
    },
    {
      "Query": "what",
      "ExecutedDateTime": "2025-11-15T23:40:44.7309498+05:30"
    },
    {
      "Query": "wor",
      "ExecutedDateTime": "2025-11-16T00:07:46.6311496+05:30"
    },
    {
      "Query": "edge",
      "ExecutedDateTime": "2025-11-16T00:18:28.1864963+05:30"
    },
    {
      "Query": "deviantart.com",
      "ExecutedDateTime": "2025-11-16T00:57:00.5928979+05:30"
    },
    {
      "Query": "task",
      "ExecutedDateTime": "2025-11-16T02:35:36.9305936+05:30"
    },
    {
      "Query": "old compu",
      "ExecutedDateTime": "2025-11-16T03:03:24.4733951+05:30"
    },
    {
      "Query": "task",
      "ExecutedDateTime": "2025-11-16T03:06:44.8933208+05:30"
    },
    {
      "Query": "ter",
      "ExecutedDateTime": "2025-11-16T10:15:20.7299233+05:30"
    },
    {
      "Query": "h",
      "ExecutedDateTime": "2025-11-16T12:55:44.9572038+05:30"
    },
    {
      "Query": "device manager",
      "ExecutedDateTime": "2025-11-16T13:00:42.5209342+05:30"
    },
    {
      "Query": "comm",
      "ExecutedDateTime": "2025-11-16T13:12:10.1624374+05:30"
    },
    {
      "Query": "s",
      "ExecutedDateTime": "2025-11-16T13:22:11.2311535+05:30"
    },
    {
      "Query": "FlowLauncher",
      "ExecutedDateTime": "2025-11-16T13:28:12.5155753+05:30"
    },
    {
      "Query": "powersh",
      "ExecutedDateTime": "2025-11-16T13:29:44.5877932+05:30"
    },
    {
      "Query": "sett",
      "ExecutedDateTime": "2025-11-16T13:30:29.6307951+05:30"
    }
  ]
}